{"cameraMode":{"drawMode":0,"name":"Shaded","section":"Shading Mode"},"sceneLighting":false,"audioPlay":false,"sceneViewState":{"m_AlwaysRefresh":false,"showFog":false,"showSkybox":false,"showFlares":false,"showImageEffects":false,"showParticleSystems":false,"showVisualEffectGraphs":true,"m_FxEnabled":true},"in2DMode":false,"pivot":{"x":0.001430511474609375,"y":0.861930251121521,"z":0.007373511791229248},"rotation":{"x":0.00025890138931572437,"y":-0.989475429058075,"z":0.14530666172504426,"w":0.002727100858464837},"size":1.048652172088623,"orthographic":false}