{"cameraMode":{"drawMode":0,"name":"Shaded","section":"Shading Mode"},"sceneLighting":false,"audioPlay":false,"sceneViewState":{"m_AlwaysRefresh":false,"showFog":false,"showSkybox":false,"showFlares":false,"showImageEffects":false,"showParticleSystems":false,"showVisualEffectGraphs":true,"m_FxEnabled":true},"in2DMode":false,"pivot":{"x":0.8661651015281677,"y":0.8462588787078857,"z":-0.1771981120109558},"rotation":{"x":-0.002089105313643813,"y":-0.9955282807350159,"z":0.021207859739661218,"w":-0.09311658889055252},"size":0.43385839462280276,"orthographic":false}